{
    "_ColorR": 1.0,
    "_ColorG": 1.0,
    "_ColorB": 1.0,
    "_RampLevels": 3.0,
    "_LightScalar": 2.4000000953674318,
    "_HighColorR": 0.544990062713623,
    "_HighColorG": 1.0,
    "_HighColorB": 0.3820754885673523,
    "_HighIntensity": 1.5,
    "_LowColorR": 0.48345303535461428,
    "_LowColorG": 0.9528301954269409,
    "_LowColorB": 0.28315237164497378,
    "_LowIntensity": 1.0,
    "_OutlineColorR": 0.0,
    "_OutlineColorG": 0.0,
    "_OutlineColorB": 0.0,
    "_OutlineSize": 10.399999618530274,
    "_RimColorR": 0.15009881556034089,
    "_RimColorG": 0.43396228551864626,
    "_RimColorB": 0.05936277657747269,
    "_RimAlpha": 0.0,
    "_RimPower": 0.0,
    "_RimDropOff": 0.0,
    "_FresnelColorR": 1.0,
    "_FresnelColorG": 1.0,
    "_FresnelColorB": 1.0,
    "_FresnelBrightness": 0.0,
    "_FresnelPower": 0.0,
    "_FresnelShadowDropoff": 0.0,
    "_GradYCap": 0.0,
    "_GradIntensity": 0.0
}